seed_id,label
8632,broken
11394,broken
17362,pure
9987,discolored
17226,silkcut
17100,broken
968,silkcut
4069,discolored
8505,pure
13346,silkcut
17158,discolored
7279,pure
3124,silkcut
4681,pure
8175,broken
3990,broken
15070,silkcut
15177,silkcut
8927,discolored
2088,silkcut
7019,broken
12206,pure
16923,pure
15475,discolored
269,silkcut
7911,broken
17134,silkcut
15624,discolored
12484,pure
5815,discolored
15138,pure
15020,silkcut
14815,pure
384,discolored
4797,broken
5241,broken
12021,broken
14664,broken
14083,pure
17003,silkcut
1172,pure
17619,pure
1077,silkcut
6376,broken
17120,broken
6692,broken
10678,silkcut
12597,broken
12705,pure
6944,discolored
8156,discolored
2747,silkcut
11973,broken
16060,pure
7344,silkcut
6709,pure
9653,discolored
7514,discolored
10870,discolored
4315,broken
1299,broken
11450,silkcut
2933,discolored
9801,broken
17167,broken
15641,silkcut
10403,broken
8412,pure
16403,discolored
16476,broken
4542,pure
7555,pure
3853,pure
16609,broken
12513,discolored
16057,discolored
14728,silkcut
14735,broken
14449,broken
4877,discolored
12792,pure
7231,broken
11888,broken
475,silkcut
16798,broken
3246,silkcut
15925,silkcut
13394,discolored
17372,silkcut
8561,pure
2484,silkcut
16984,broken
17041,broken
16444,silkcut
9773,broken
14027,silkcut
10048,silkcut
15156,broken
4896,discolored
4102,broken
8326,pure
13354,broken
13908,pure
8724,discolored
12220,pure
843,pure
12846,broken
5465,pure
8399,silkcut
4146,pure
4602,broken
7091,broken
8480,discolored
9059,broken
7258,discolored
5965,silkcut
1393,silkcut
13567,silkcut
2003,broken
4799,discolored
6844,broken
14677,pure
12468,discolored
9771,pure
15440,discolored
6511,broken
16630,discolored
17400,silkcut
15958,broken
15922,pure
10915,silkcut
1727,silkcut
12405,broken
11403,pure
11296,pure
9171,discolored
10159,silkcut
2666,broken
6956,discolored
10990,silkcut
7359,broken
7685,broken
8822,discolored
2309,broken
14905,pure
15702,broken
5136,discolored
11219,pure
440,silkcut
5010,silkcut
17415,broken
15428,discolored
17499,broken
2140,silkcut
1223,pure
443,pure
151,silkcut
3654,silkcut
7393,broken
11457,silkcut
10303,discolored
4417,silkcut
15204,broken
13600,pure
11861,pure
5794,broken
9058,silkcut
14688,pure
10506,silkcut
13339,silkcut
11540,pure
13259,broken
7661,broken
7830,silkcut
3068,broken
1944,silkcut
9378,discolored
12536,silkcut
17781,silkcut
12375,broken
15284,broken
5649,broken
4251,broken
4107,broken
14823,broken
536,discolored
16911,pure
5099,pure
1828,broken
2921,discolored
2447,silkcut
11284,pure
12673,broken
12166,pure
16958,pure
10400,silkcut
13188,silkcut
15327,discolored
17631,silkcut
17024,silkcut
6562,silkcut
889,pure
5374,discolored
10565,discolored
11157,discolored
16487,broken
10928,broken
16458,discolored
5029,pure
1890,broken
14091,discolored
10300,silkcut
9803,broken
364,silkcut
14285,discolored
7308,broken
9084,broken
15846,broken
1067,broken
17066,pure
6763,broken
9761,silkcut
12224,pure
5112,pure
7758,discolored
16159,discolored
2474,silkcut
7599,pure
12302,pure
8952,broken
3422,pure
9520,pure
17678,pure
13807,pure
7281,broken
11446,broken
10539,broken
16506,pure
17664,discolored
12636,pure
2095,broken
2126,discolored
8888,pure
598,silkcut
53,discolored
13388,silkcut
17689,discolored
4937,broken
13196,broken
10404,silkcut
10730,broken
16696,discolored
7138,discolored
15533,broken
4502,pure
13011,pure
11407,silkcut
12818,discolored
10235,broken
6442,pure
15626,silkcut
1226,pure
16416,silkcut
14393,pure
1913,silkcut
57,pure
15606,silkcut
6740,silkcut
12046,discolored
5337,silkcut
11182,discolored
13227,pure
11764,discolored
10923,discolored
17587,silkcut
14519,broken
13397,silkcut
13842,broken
6119,pure
5065,broken
16617,broken
4024,discolored
15094,silkcut
16003,broken
16260,discolored
5404,broken
17115,broken
17717,discolored
7957,pure
2061,pure
3268,silkcut
9551,broken
6138,silkcut
1681,discolored
115,silkcut
11955,discolored
9920,broken
2370,broken
1866,pure
10721,broken
5242,broken
3609,broken
11090,broken
8036,silkcut
2487,silkcut
10254,broken
12621,pure
12353,broken
1414,pure
12658,silkcut
6907,silkcut
17140,silkcut
15142,pure
16356,discolored
5742,broken
16418,broken
13074,broken
8763,silkcut
8719,discolored
2260,pure
16076,silkcut
7220,broken
8206,discolored
13515,broken
10435,silkcut
5869,discolored
12631,pure
9364,discolored
1401,pure
8366,broken
1937,pure
7379,broken
14137,silkcut
4853,broken
1381,broken
10410,broken
17042,silkcut
12680,pure
3380,broken
15502,pure
10921,silkcut
13611,pure
4559,broken
9422,pure
16268,pure
10955,broken
7904,pure
15834,discolored
4119,broken
10911,silkcut
2165,broken
6653,broken
8808,discolored
17653,pure
4158,silkcut
10068,discolored
1161,discolored
14872,silkcut
13374,broken
5372,discolored
12781,silkcut
17768,silkcut
14128,silkcut
9091,silkcut
2308,broken
2283,pure
10015,broken
9166,silkcut
6460,pure
1648,discolored
5956,pure
3030,discolored
4385,broken
5681,broken
5165,pure
13922,silkcut
6800,broken
9019,broken
8709,silkcut
5045,pure
17194,pure
12150,discolored
16806,discolored
2395,broken
17614,pure
13734,silkcut
10124,pure
3832,discolored
4905,discolored
2664,discolored
13655,discolored
15292,silkcut
10447,discolored
17091,pure
1341,broken
5658,discolored
5673,discolored
7823,silkcut
12940,discolored
16604,broken
6713,pure
7264,pure
2989,broken
1421,discolored
4748,pure
17697,discolored
14340,silkcut
11635,silkcut
1018,pure
6987,discolored
3595,discolored
1323,pure
11263,silkcut
3186,pure
5115,silkcut
2340,broken
4463,discolored
5106,pure
15261,pure
5886,broken
16373,pure
4347,silkcut
16051,pure
5708,silkcut
13593,pure
3065,pure
6458,pure
1028,silkcut
2393,pure
9002,silkcut
17189,broken
6902,pure
9524,pure
3400,discolored
16017,discolored
4454,pure
4628,broken
5975,discolored
14755,silkcut
16870,pure
13199,silkcut
1603,broken
5836,silkcut
15631,broken
15439,pure
12708,discolored
324,broken
12820,silkcut
16782,silkcut
12605,discolored
2943,broken
3036,discolored
9199,broken
13524,discolored
4584,pure
12062,silkcut
2645,broken
872,discolored
4206,broken
14743,silkcut
16695,broken
1670,broken
8964,pure
8408,discolored
506,discolored
16548,discolored
11102,silkcut
13846,discolored
13198,silkcut
14132,silkcut
5329,silkcut
1559,silkcut
4822,discolored
7148,silkcut
1203,pure
8459,silkcut
9967,discolored
8006,pure
4310,silkcut
14698,silkcut
10449,discolored
10060,pure
14555,silkcut
5839,silkcut
4653,broken
10933,discolored
5684,discolored
1167,broken
9740,pure
4649,silkcut
9890,silkcut
4958,broken
17386,silkcut
6035,discolored
2801,pure
2030,pure
16430,broken
13301,silkcut
13166,broken
14608,pure
17456,silkcut
15099,silkcut
6790,discolored
9812,silkcut
6085,silkcut
13023,silkcut
3488,discolored
989,pure
11112,discolored
12655,broken
5457,discolored
11667,pure
3948,discolored
6009,pure
10568,discolored
8634,broken
15900,pure
9151,discolored
14496,pure
11329,silkcut
1328,silkcut
3481,broken
2947,silkcut
14238,broken
8732,discolored
3560,silkcut
7809,silkcut
13223,pure
5315,discolored
5664,discolored
2361,broken
10372,pure
1056,pure
13221,silkcut
1258,silkcut
3123,pure
1826,broken
5316,pure
3108,discolored
7883,silkcut
15566,pure
5412,pure
15507,pure
6733,silkcut
7967,broken
14830,discolored
12610,silkcut
16297,silkcut
6302,broken
5818,pure
6146,broken
9852,discolored
8785,silkcut
12529,silkcut
9440,pure
2117,silkcut
15856,broken
6988,broken
12505,pure
4519,discolored
13051,broken
582,discolored
14441,pure
10910,broken
10227,pure
5706,discolored
4730,discolored
6607,silkcut
15106,pure
11782,broken
14907,silkcut
10524,silkcut
5773,silkcut
16307,silkcut
8980,pure
16823,discolored
16970,discolored
14309,silkcut
12283,pure
1916,pure
14112,broken
11891,broken
6017,pure
17408,pure
15046,pure
7811,broken
13784,broken
6461,silkcut
7300,discolored
4227,silkcut
10624,silkcut
9571,pure
14767,silkcut
12157,silkcut
2378,discolored
1196,broken
15760,silkcut
7913,pure
2838,silkcut
8645,silkcut
5104,discolored
8754,silkcut
3500,broken
8879,silkcut
12298,discolored
6532,discolored
13131,silkcut
5234,pure
9982,discolored
1788,silkcut
6012,discolored
5762,broken
1723,pure
10867,broken
11845,pure
699,discolored
14794,pure
4311,silkcut
14639,silkcut
7727,discolored
12562,discolored
249,pure
17548,pure
5929,silkcut
17232,discolored
17604,broken
1928,broken
10073,broken
16469,broken
7707,broken
10115,broken
10135,silkcut
15110,silkcut
4778,silkcut
6337,silkcut
1694,pure
10327,pure
13324,silkcut
2734,pure
1186,silkcut
13787,silkcut
16032,pure
8959,broken
14822,pure
10809,broken
13206,pure
13823,broken
687,broken
14503,discolored
16457,discolored
607,discolored
11355,broken
16095,silkcut
11349,pure
300,pure
8228,pure
7146,pure
7330,broken
4880,pure
7004,pure
15952,discolored
5176,pure
9180,pure
2668,pure
7143,silkcut
13905,broken
15872,silkcut
12553,pure
11408,discolored
17608,broken
7152,pure
650,discolored
3659,broken
9477,pure
10772,pure
16236,silkcut
13643,discolored
795,broken
4068,pure
1761,silkcut
6164,pure
6239,discolored
17341,silkcut
16985,discolored
1533,pure
16008,discolored
17365,broken
3048,pure
12191,broken
1831,silkcut
1073,silkcut
3022,pure
8702,pure
16759,broken
10183,pure
1162,discolored
3686,pure
7908,pure
16363,silkcut
3561,discolored
11036,discolored
14267,pure
5378,silkcut
6600,broken
1717,discolored
7771,broken
4548,broken
8032,broken
14402,silkcut
10346,discolored
5692,silkcut
8669,broken
11338,pure
2114,pure
1270,discolored
12907,pure
9215,discolored
1848,discolored
17575,silkcut
2208,broken
5269,discolored
12974,broken
4164,pure
13266,pure
4357,broken
7584,discolored
15757,pure
9305,pure
8752,discolored
2851,silkcut
1292,pure
14948,silkcut
12289,discolored
1691,discolored
9052,pure
12399,broken
11923,discolored
12164,discolored
668,pure
2374,broken
3909,pure
2909,silkcut
15758,pure
15704,broken
9948,broken
75,pure
9152,pure
15075,discolored
1459,discolored
12216,silkcut
272,discolored
865,discolored
10091,broken
1071,pure
5482,pure
15333,silkcut
2398,broken
11828,pure
15423,broken
15452,silkcut
4196,discolored
10477,silkcut
13005,silkcut
4738,discolored
11249,silkcut
6579,pure
13334,silkcut
8863,discolored
17220,discolored
10552,broken
12523,broken
12948,broken
2635,pure
9237,pure
9140,discolored
14634,broken
2940,pure
15170,pure
2832,broken
6259,silkcut
15711,silkcut
13903,pure
17732,pure
11409,broken
15056,discolored
7041,broken
12471,broken
14820,pure
16840,broken
10216,pure
1969,discolored
248,pure
15618,broken
7194,broken
6799,broken
6707,silkcut
13275,broken
10158,pure
9916,pure
16178,broken
3173,pure
2,discolored
4598,pure
4805,discolored
11172,pure
5253,silkcut
8670,broken
14337,pure
4522,broken
8485,broken
4667,silkcut
6229,discolored
5125,silkcut
6163,pure
14605,silkcut
17125,pure
4456,pure
9921,pure
4793,discolored
14278,discolored
16494,pure
5417,pure
9884,broken
1204,pure
993,broken
10516,discolored
12312,silkcut
3101,broken
13368,silkcut
6925,discolored
627,silkcut
8968,discolored
7053,silkcut
7978,pure
11195,pure
16226,silkcut
10307,silkcut
7856,silkcut
5456,discolored
101,pure
1379,silkcut
7464,silkcut
11215,pure
1048,broken
17166,silkcut
7342,broken
5902,broken
6358,silkcut
16207,discolored
2948,pure
12954,discolored
623,discolored
8712,broken
3592,pure
5267,broken
6650,broken
1380,pure
7925,pure
6032,silkcut
16713,broken
1088,broken
8024,silkcut
5203,broken
6416,broken
3011,discolored
14256,broken
8836,silkcut
27,pure
7122,discolored
382,silkcut
8776,discolored
9139,pure
12760,silkcut
13381,silkcut
8961,pure
15993,silkcut
4749,discolored
980,discolored
13910,silkcut
10273,discolored
17419,discolored
7838,silkcut
771,silkcut
13128,pure
6773,discolored
10093,pure
1017,broken
746,silkcut
17509,discolored
14876,discolored
9155,pure
6684,pure
4773,silkcut
441,discolored
7565,discolored
13592,broken
17331,silkcut
5279,silkcut
2110,discolored
10061,broken
6629,silkcut
10834,broken
15032,silkcut
12437,broken
4423,pure
12660,pure
8885,discolored
13792,pure
913,discolored
11976,discolored
8020,broken
15885,discolored
15602,pure
13136,pure
17450,discolored
16420,pure
2056,broken
7204,discolored
5546,broken
11192,silkcut
11405,silkcut
15653,silkcut
12020,silkcut
10566,broken
8355,silkcut
42,pure
16442,pure
3671,silkcut
434,broken
10664,broken
15136,silkcut
12939,silkcut
7411,discolored
15493,broken
2887,silkcut
1816,broken
16426,pure
3584,discolored
10776,pure
2250,broken
17116,broken
6837,silkcut
16812,silkcut
998,silkcut
17247,discolored
10748,broken
4552,broken
13242,broken
12402,broken
14101,broken
11769,pure
14622,discolored
7187,broken
5731,broken
2005,pure
408,discolored
13621,pure
15995,pure
16013,silkcut
5891,broken
10165,broken
11216,pure
2756,pure
4091,silkcut
9138,broken
15257,broken
1870,broken
14819,silkcut
9299,discolored
9753,broken
9284,broken
17062,broken
8995,broken
8118,pure
7391,silkcut
3192,discolored
6443,silkcut
8663,pure
2246,broken
4902,silkcut
8503,broken
191,broken
12722,discolored
3810,discolored
4703,broken
14613,silkcut
15447,discolored
1744,silkcut
754,discolored
8493,discolored
17433,discolored
15673,silkcut
1722,broken
8119,pure
6180,pure
15425,broken
6563,silkcut
10690,silkcut
12554,pure
7377,discolored
17626,silkcut
11770,silkcut
8315,discolored
13432,discolored
13781,broken
9925,silkcut
16027,pure
3241,discolored
12199,pure
10214,discolored
15728,broken
14273,broken
7297,pure
1784,silkcut
3326,broken
5376,discolored
16488,discolored
4914,broken
17039,broken
9617,pure
6029,broken
12946,silkcut
3547,silkcut
13332,broken
14344,broken
2295,discolored
1472,pure
15087,broken
9871,discolored
2923,discolored
4496,discolored
10803,discolored
16502,discolored
4948,pure
14673,pure
7276,silkcut
9961,discolored
17035,discolored
8003,broken
15712,silkcut
3010,discolored
11052,discolored
9782,pure
13152,broken
1960,discolored
12355,discolored
12259,broken
6126,pure
11728,pure
14350,discolored
13313,pure
10781,pure
12759,broken
9409,silkcut
11907,discolored
7526,silkcut
16598,broken
9999,broken
9718,broken
10556,broken
12349,broken
17006,silkcut
8219,discolored
16672,pure
6468,discolored
2139,broken
2328,pure
15290,pure
8081,broken
10767,discolored
11272,broken
14708,pure
11974,silkcut
14367,silkcut
3919,pure
3258,broken
15405,broken
14834,silkcut
5967,silkcut
11812,silkcut
12235,discolored
7405,broken
5913,discolored
679,silkcut
9479,broken
4827,silkcut
3224,silkcut
3415,discolored
11161,discolored
4281,silkcut
4174,broken
1991,broken
6234,pure
16392,discolored
5986,pure
15464,silkcut
11218,silkcut
1595,broken
17731,discolored
7531,broken
3438,broken
10792,broken
517,silkcut
4189,silkcut
9032,discolored
32,discolored
9383,broken
13278,silkcut
14308,pure
12729,silkcut
13293,broken
3802,pure
16367,broken
10443,silkcut
5161,silkcut
1781,pure
14737,discolored
7199,discolored
9805,discolored
595,broken
13087,broken
5444,pure
13501,silkcut
3844,broken
8034,pure
17067,discolored
12685,discolored
7550,silkcut
17738,broken
15706,silkcut
17021,discolored
7540,pure
13819,silkcut
5603,pure
3528,discolored
6145,broken
965,discolored
7615,broken
16475,silkcut
12537,pure
11468,pure
9499,pure
5179,silkcut
6662,pure
13337,broken
2651,silkcut
5797,broken
12863,broken
12763,silkcut
11098,discolored
3929,discolored
11880,broken
11380,pure
15787,pure
9286,pure
8429,broken
3670,broken
17262,silkcut
365,pure
10465,pure
13557,pure
7927,broken
8499,discolored
12966,pure
13318,silkcut
4854,broken
13224,silkcut
16228,discolored
14850,discolored
7237,discolored
3129,discolored
16833,discolored
10328,silkcut
10660,discolored
2562,discolored
13191,silkcut
2845,silkcut
8142,pure
207,broken
17550,broken
13874,broken
5849,pure
8962,pure
6100,pure
13587,silkcut
8766,silkcut
16829,discolored
13234,discolored
815,pure
5154,discolored
16028,pure
4286,pure
10065,silkcut
2199,pure
15577,pure
5300,broken
14877,discolored
9848,silkcut
5814,pure
9576,pure
4929,pure
291,broken
9706,broken
15220,pure
8665,pure
11460,pure
1810,pure
12943,pure
5004,silkcut
5477,silkcut
1390,pure
8841,silkcut
15687,discolored
6419,discolored
9510,silkcut
3015,pure
11188,broken
7351,silkcut
5499,pure
2325,silkcut
16601,discolored
6070,pure
6060,pure
16928,pure
17682,broken
3886,discolored
3992,silkcut
15876,discolored
9786,pure
3930,pure
1484,broken
5152,broken
9592,silkcut
11951,broken
14599,broken
17369,pure
8654,broken
8878,silkcut
9893,broken
14971,discolored
11581,silkcut
4501,discolored
6686,discolored
7278,discolored
4318,broken
12694,silkcut
13045,broken
1460,broken
11884,discolored
12333,pure
13129,broken
14302,silkcut
2841,broken
8152,discolored
3993,discolored
3340,broken
3656,silkcut
11449,broken
3117,discolored
5353,discolored
13986,silkcut
6258,pure
12630,discolored
3621,broken
4582,broken
3644,broken
7690,discolored
3939,broken
4597,broken
14587,discolored
2367,discolored
17344,pure
7219,broken
14678,silkcut
7177,pure
14712,broken
13832,broken
15378,silkcut
14229,discolored
1786,silkcut
10345,broken
16986,silkcut
16541,pure
8264,silkcut
11716,pure
5529,broken
13420,pure
2390,pure
16034,pure
17523,silkcut
9646,broken
12245,broken
10413,discolored
5188,pure
3175,pure
13923,discolored
11131,silkcut
11607,discolored
10632,pure
17660,silkcut
16049,pure
2315,pure
4821,silkcut
6979,silkcut
15232,broken
3384,silkcut
17437,silkcut
16686,silkcut
8172,silkcut
16643,pure
6338,discolored
2997,pure
3082,discolored
3557,silkcut
6292,silkcut
1618,pure
13709,pure
3166,silkcut
16056,pure
12794,discolored
7602,pure
12555,broken
4885,broken
9492,discolored
7418,silkcut
10189,pure
13937,discolored
6919,silkcut
10050,broken
4137,broken
11935,pure
17590,pure
4110,discolored
730,broken
779,pure
5235,silkcut
602,broken
10197,pure
17176,broken
10722,discolored
908,pure
951,silkcut
4060,discolored
1156,discolored
16115,pure
4241,silkcut
257,discolored
4116,discolored
8643,silkcut
13067,broken
17553,silkcut
9579,discolored
13588,silkcut
1518,broken
12372,silkcut
9281,broken
6237,pure
11356,pure
5419,discolored
12806,pure
15551,pure
2459,broken
10608,pure
12675,pure
6940,broken
12599,broken
10479,silkcut
8607,silkcut
16109,broken
7968,pure
890,broken
2434,discolored
8214,discolored
17734,discolored
17129,broken
12843,discolored
1952,pure
4612,pure
15366,discolored
16007,discolored
16712,broken
13829,silkcut
6829,broken
8185,silkcut
11071,pure
4758,pure
8419,broken
3031,broken
12440,silkcut
6785,broken
14401,broken
5642,silkcut
7985,discolored
12633,discolored
3747,discolored
6984,silkcut
2901,silkcut
19,silkcut
1439,silkcut
1037,broken
17172,silkcut
13118,discolored
9054,broken
5525,broken
10719,pure
16305,silkcut
5966,silkcut
16230,pure
9102,broken
3672,broken
16944,silkcut
7820,discolored
1267,broken
12193,silkcut
8031,discolored
3085,broken
13018,discolored
6216,pure
5387,silkcut
8586,silkcut
13050,discolored
1336,discolored
11256,broken
13617,silkcut
14642,silkcut
6770,pure
16118,silkcut
4421,pure
3554,pure
8166,broken
2062,broken
9036,broken
5645,broken
14859,pure
7905,discolored
7107,pure
16172,broken
8881,pure
16200,silkcut
1919,pure
7846,silkcut
17534,silkcut
8867,pure
10262,broken
12089,silkcut
13190,silkcut
6278,silkcut
1599,silkcut
2583,silkcut
15844,broken
3845,pure
5592,pure
1057,silkcut
11352,broken
2304,discolored
9506,silkcut
7954,pure
14460,discolored
8308,discolored
3880,silkcut
16215,discolored
1282,pure
7465,discolored
4553,pure
8430,pure
11689,discolored
1777,silkcut
3552,broken
17119,pure
9791,discolored
8504,pure
2006,broken
9303,discolored
9380,silkcut
6789,pure
16715,pure
8231,broken
13857,pure
4759,broken
14315,silkcut
14668,discolored
17088,broken
4133,broken
6696,broken
14409,broken
12404,discolored
12695,pure
11779,pure
7576,broken
8462,silkcut
16546,discolored
3279,silkcut
4964,broken
1740,silkcut
17354,pure
5079,silkcut
3793,discolored
11241,broken
6476,silkcut
14055,discolored
4904,broken
12385,silkcut
11308,broken
4864,silkcut
9899,discolored
16636,silkcut
2812,broken
3184,silkcut
9334,broken
5204,broken
16551,silkcut
4859,silkcut
3800,silkcut
43,pure
3141,discolored
5853,silkcut
15639,broken
3035,discolored
12669,broken
10029,pure
12324,silkcut
1966,silkcut
13457,discolored
15172,broken
87,discolored
9490,discolored
3899,broken
6640,discolored
6768,silkcut
2392,broken
11778,discolored
12082,silkcut
10768,silkcut
14129,broken
7982,discolored
15747,discolored
13182,silkcut
6728,broken
4741,discolored
2015,broken
3088,discolored
17126,broken
1298,discolored
10693,discolored
15811,pure
1319,silkcut
14456,broken
706,broken
8213,silkcut
14993,silkcut
4690,silkcut
12145,pure
4400,discolored
2547,broken
6197,silkcut
9415,discolored
3703,broken
2278,broken
5096,broken
17146,pure
12533,broken
5905,pure
14062,pure
13658,broken
11801,silkcut
13256,broken
6559,broken
14102,broken
2589,pure
659,broken
8571,broken
10489,pure
15532,silkcut
1726,discolored
3678,silkcut
8130,discolored
11026,silkcut
11017,pure
15280,pure
16920,pure
17572,pure
909,pure
5729,silkcut
10296,pure
11291,silkcut
4289,silkcut
15184,broken
11814,broken
2348,pure
3910,discolored
17775,discolored
9632,silkcut
12983,discolored
5779,discolored
620,broken
9130,silkcut
5704,pure
16991,silkcut
1942,pure
6911,pure
5232,silkcut
3197,silkcut
17591,discolored
14842,broken
11191,broken
14558,silkcut
15847,discolored
1264,pure
11610,discolored
144,pure
6176,broken
3286,broken
7577,pure
4819,broken
1855,pure
15786,discolored
17535,broken
17081,broken
7893,silkcut
6044,broken
1515,pure
3629,discolored
10380,silkcut
5800,pure
7046,discolored
5163,silkcut
6730,broken
9100,pure
3983,discolored
2232,silkcut
14035,silkcut
4736,pure
1405,pure
2022,broken
7543,silkcut
10193,broken
2872,silkcut
15536,silkcut
11410,broken
1598,pure
8124,silkcut
6798,broken
16661,broken
4529,discolored
12703,pure
2762,broken
17658,broken
1947,broken
7012,pure
8014,silkcut
2435,silkcut
11193,broken
8361,silkcut
15911,broken
12849,pure
3727,broken
4411,silkcut
15105,pure
6342,pure
14071,discolored
2381,discolored
2694,discolored
11747,pure
11080,broken
13212,silkcut
15456,broken
7257,discolored
13692,broken
371,pure
1517,pure
13358,discolored
9783,broken
5408,pure
5701,silkcut
6437,pure
7622,broken
16875,broken
14679,discolored
15718,silkcut
8970,pure
11824,discolored
12679,discolored
16948,pure
16355,discolored
16780,silkcut
12917,broken
10659,pure
7616,silkcut
9630,silkcut
12091,broken
13875,broken
9649,pure
13184,silkcut
16263,broken
17735,discolored
9511,silkcut
17571,broken
3185,pure
3906,silkcut
3878,silkcut
6391,discolored
212,discolored
10986,pure
15491,pure
4247,discolored
3330,silkcut
17132,pure
3780,discolored
11937,pure
8804,silkcut
7007,broken
964,silkcut
8236,silkcut
1465,silkcut
92,silkcut
1376,broken
15034,pure
5970,silkcut
14738,broken
15347,silkcut
11372,broken
10823,pure
17559,broken
13,discolored
4991,discolored
6744,discolored
9228,pure
5563,pure
14644,pure
527,silkcut
16869,pure
14479,broken
17690,broken
1222,discolored
4157,discolored
11377,silkcut
2224,silkcut
1874,silkcut
2418,discolored
9991,pure
5498,pure
12875,silkcut
13942,discolored
17512,broken
8978,discolored
5976,discolored
16872,broken
11868,discolored
9156,pure
1505,silkcut
12517,pure
1686,broken
9889,broken
6973,discolored
986,pure
3509,pure
11512,discolored
3569,pure
16977,discolored
10989,pure
9605,silkcut
2385,pure
79,broken
1502,silkcut
10377,pure
107,discolored
15707,pure
14649,discolored
9001,discolored
13162,silkcut
10716,silkcut
14656,discolored
16835,discolored
8714,silkcut
3318,silkcut
17313,silkcut
7325,pure
13763,pure
15287,broken
17011,discolored
6551,silkcut
5843,broken
2934,pure
13544,broken
1124,discolored
10077,discolored
13522,pure
932,discolored
7542,silkcut
8870,broken
5538,pure
6701,discolored
8572,pure
4841,silkcut
6776,silkcut
15012,silkcut
4370,discolored
8849,discolored
528,discolored
3239,broken
1120,discolored
12566,pure
11820,broken
10187,pure
15619,broken
1844,broken
17662,discolored
17470,silkcut
9039,silkcut
8070,broken
3169,broken
745,discolored
9904,silkcut
9075,silkcut
12534,discolored
12960,broken
3944,pure
12388,broken
8799,silkcut
10936,broken
16524,broken
14023,pure
15282,broken
8174,silkcut
6021,pure
7753,pure
12273,pure
12707,silkcut
16981,discolored
2454,pure
3740,pure
5571,discolored
6359,broken
11335,discolored
10441,discolored
13958,pure
1951,pure
4020,pure
8091,silkcut
7869,discolored
3533,broken
10662,silkcut
6107,pure
385,discolored
4238,pure
6008,silkcut
15600,broken
2249,discolored
10237,silkcut
3803,pure
16774,pure
4744,pure
13579,silkcut
4831,pure
11483,broken
13106,discolored
13645,broken
15387,pure
13296,discolored
14355,broken
16450,pure
12354,pure
17428,discolored
1081,broken
5615,silkcut
11622,broken
7156,silkcut
14770,discolored
1843,discolored
13097,silkcut
6196,silkcut
140,broken
17710,broken
4715,pure
90,discolored
6457,discolored
7274,broken
9703,silkcut
7703,discolored
8716,silkcut
16152,pure
3163,broken
12934,silkcut
14262,silkcut
13534,pure
5422,pure
10153,pure
7454,pure
13194,silkcut
13409,broken
15547,broken
12043,pure
13172,discolored
14611,discolored
5600,silkcut
9603,broken
15241,discolored
17647,broken
5946,broken
1825,pure
1578,broken
3999,discolored
13481,silkcut
5305,silkcut
12720,pure
6775,broken
490,broken
14351,discolored
2805,pure
8440,silkcut
12826,discolored
12765,pure
7208,broken
16522,pure
4181,silkcut
5132,pure
9711,discolored
11221,broken
2376,broken
13036,pure
2282,silkcut
14194,broken
15411,broken
2090,discolored
16491,broken
9124,silkcut
12895,pure
5694,discolored
2221,silkcut
10770,broken
5348,discolored
8857,pure
10412,silkcut
6729,pure
5623,broken
14485,discolored
10977,discolored
10916,broken
3862,silkcut
16399,pure
10551,discolored
10249,silkcut
8340,silkcut
11697,pure
2578,pure
2861,broken
2567,pure
8947,pure
15125,discolored
13712,broken
3512,silkcut
10880,silkcut
2007,broken
682,pure
7981,silkcut
11666,discolored
10112,silkcut
14623,discolored
16328,pure
2100,silkcut
2769,broken
17359,broken
11751,discolored
11875,broken
11889,discolored
10308,silkcut
17739,discolored
3005,discolored
137,pure
2106,pure
8007,broken
7247,discolored
17439,discolored
14531,silkcut
10652,discolored
7742,silkcut
2827,pure
5630,pure
5026,pure
15637,discolored
2990,broken
11963,broken
13826,broken
17264,silkcut
13620,broken
1125,broken
7057,pure
13635,pure
9504,silkcut
11743,broken
12874,silkcut
6028,pure
2962,broken
5752,pure
13656,silkcut
17538,pure
7390,silkcut
1060,silkcut
10610,silkcut
13990,silkcut
9388,discolored
894,pure
12146,silkcut
617,broken
15756,discolored
8953,discolored
17620,silkcut
4084,pure
5414,pure
14626,discolored
199,broken
13316,broken
12328,pure
16092,silkcut
8698,broken
8019,broken
13441,discolored
10811,broken
13998,pure
6567,broken
957,discolored
6569,pure
14989,pure
4801,silkcut
6932,broken
5579,silkcut
900,pure
11417,silkcut
1911,silkcut
10543,broken
4008,discolored
12094,silkcut
11969,broken
432,discolored
13417,silkcut
11177,silkcut
3061,pure
4272,broken
8751,silkcut
6716,discolored
17623,discolored
3112,pure
2528,broken
4028,discolored
8850,broken
16544,discolored
11469,broken
6552,discolored
3471,broken
14448,discolored
10535,discolored
6494,discolored
2844,broken
7849,discolored
5056,discolored
8723,discolored
2439,silkcut
5094,silkcut
10853,pure
17245,discolored
4890,silkcut
17420,broken
6134,pure
15485,discolored
7670,silkcut
12392,discolored
9829,discolored
10191,broken
4466,silkcut
1325,silkcut
5848,silkcut
9797,discolored
2094,pure
10832,silkcut
2327,broken
13551,broken
2958,pure
5083,silkcut
17425,silkcut
7684,discolored
7642,silkcut
3375,pure
10035,discolored
17794,broken
10980,discolored
5597,pure
11998,silkcut
8335,discolored
13720,pure
12620,broken
10896,broken
9978,silkcut
8313,broken
9386,pure
10957,broken
13412,silkcut
5554,silkcut
9165,broken
14014,broken
12369,discolored
13013,pure
13017,pure
2647,pure
9353,broken
15890,pure
12102,pure
1776,silkcut
11721,silkcut
6052,discolored
4293,broken
3744,silkcut
16408,pure
8838,pure
4070,pure
3955,discolored
5118,silkcut
411,silkcut
6121,silkcut
6162,pure
3921,broken
7370,pure
7738,silkcut
9758,pure
11152,broken
4894,silkcut
6909,broken
6414,broken
2548,pure
9750,discolored
16005,broken
5148,broken
6183,discolored
14548,broken
11265,broken
2586,silkcut
13930,pure
10499,broken
7861,pure
5759,pure
12048,broken
2531,broken
10034,pure
15474,broken
8902,pure
15448,silkcut
14338,silkcut
3428,silkcut
1850,broken
16428,discolored
15798,discolored
901,discolored
10039,discolored
6344,pure
17184,silkcut
14172,pure
2969,silkcut
172,silkcut
504,silkcut
17072,silkcut
13126,discolored
16138,pure
11340,discolored
3704,broken
8259,broken
6374,pure
11768,broken
3660,discolored
766,silkcut
3004,broken
13950,discolored
8532,silkcut
14614,silkcut
3510,discolored
13329,silkcut
2599,pure
2021,broken
17770,pure
4096,silkcut
5040,silkcut
1824,discolored
10585,broken
6915,silkcut
16726,silkcut
17074,silkcut
5691,broken
6067,broken
4371,pure
4889,pure
16789,discolored
13012,silkcut
15175,broken
16758,broken
10831,silkcut
4386,pure
5804,silkcut
14259,pure
8089,broken
5985,broken
6360,broken
3100,discolored
10174,discolored
424,discolored
16316,pure
2161,pure
5593,broken
14446,discolored
3357,silkcut
283,discolored
3568,pure
13048,pure
2944,silkcut
13056,pure
9070,silkcut
12541,pure
4017,silkcut
13362,discolored
1915,pure
4043,discolored
11029,discolored
14837,pure
16817,pure
2916,pure
3253,pure
3234,broken
10474,pure
15843,broken
2535,discolored
8569,pure
16927,discolored
15077,silkcut
7030,pure
972,silkcut
7987,broken
9660,broken
4409,silkcut
8554,discolored
11538,silkcut
15845,silkcut
3440,discolored
10960,discolored
4355,discolored
9710,broken
11140,broken
12559,discolored
13407,broken
12629,silkcut
2670,broken
4685,pure
12830,pure
16530,broken
1339,silkcut
17644,pure
7971,silkcut
11459,discolored
5197,discolored
13760,broken
4491,silkcut
15884,broken
1422,pure
8202,silkcut
10009,silkcut
17642,pure
15331,pure
1550,pure
2186,broken
8133,broken
3017,pure
6404,discolored
6820,silkcut
13225,broken
14384,pure
4673,discolored
5044,pure
13518,pure
8402,silkcut
2089,pure
13938,broken
1252,silkcut
13573,silkcut
13511,broken
1399,discolored
1796,silkcut
16677,silkcut
9119,pure
12824,pure
9802,broken
3229,discolored
11230,pure
3625,discolored
2719,discolored
8536,broken
3373,pure
11268,silkcut
2759,discolored
17015,pure
5186,discolored
13746,broken
17613,silkcut
15613,silkcut
10817,pure
14472,discolored
8487,pure
14030,discolored
16191,discolored
2773,pure
11260,broken
5071,broken
10962,discolored
5578,broken
2058,broken
2650,silkcut
4182,discolored
16950,silkcut
4692,discolored
13283,discolored
10755,pure
11846,pure
8592,pure
11692,broken
5710,discolored
9489,broken
13624,silkcut
7402,broken
7209,discolored
5023,pure
854,discolored
3478,silkcut
1163,broken
8707,broken
412,pure
15216,silkcut
16286,pure
16543,pure
12549,silkcut
15051,broken
9695,broken
13425,silkcut
14110,broken
10462,silkcut
3441,silkcut
8342,discolored
2109,discolored
15701,broken
11722,pure
5596,pure
7724,broken
7338,pure
9468,broken
16648,silkcut
1893,discolored
2291,silkcut
2491,discolored
17771,broken
11753,broken
11042,pure
7947,pure
320,broken
8596,broken
6961,pure
5990,broken
9969,discolored
12015,discolored
4232,silkcut
11787,pure
12979,discolored
2639,discolored
4375,discolored
3856,discolored
9882,silkcut
11,silkcut
16652,discolored
4996,discolored
6680,silkcut
16080,pure
2835,pure
16755,pure
205,broken
3317,pure
10276,pure
9918,pure
9188,silkcut
9443,broken
7593,broken
7806,silkcut
13423,discolored
14689,pure
12002,broken
1263,silkcut
10314,discolored
5835,broken
10563,broken
5468,broken
917,broken
8562,pure
5332,pure
1041,discolored
3083,broken
11869,broken
74,silkcut
9194,discolored
12663,pure
11904,silkcut
13639,discolored
4341,broken
12274,pure
10580,discolored
6487,broken
9359,pure
16766,discolored
12496,silkcut
6483,pure
4337,broken
17238,pure
10583,silkcut
10321,pure
6397,discolored
2156,silkcut
17790,pure
7215,pure
11141,pure
6050,broken
17632,discolored
15031,pure
8733,broken
1434,broken
12441,pure
1574,silkcut
7620,broken
7848,silkcut
4382,discolored
14500,pure
2332,broken
2138,silkcut
6299,discolored
5108,broken
14430,pure
13915,pure
7094,discolored
9175,pure
17010,pure
923,silkcut
9685,silkcut
1909,pure
14314,discolored
6297,broken
8110,broken
9986,silkcut
11662,discolored
12506,silkcut
16553,discolored
15016,broken
11521,broken
15627,silkcut
906,broken
15880,discolored
15215,pure
12569,discolored
13780,silkcut
263,discolored
8925,broken
14667,broken
14886,pure
3345,discolored
12814,broken
2084,broken
2233,pure
10387,silkcut
5433,discolored
13904,silkcut
17661,pure
13774,silkcut
2178,broken
4374,pure
4866,discolored
14188,broken
7728,silkcut
8160,pure
10573,silkcut
14215,broken
15189,discolored
13174,silkcut
7715,pure
7739,broken
1116,broken
4965,discolored
6448,discolored
13433,pure
10905,pure
12640,pure
7245,pure
6615,broken
5095,broken
15989,discolored
8545,silkcut
1179,broken
8727,discolored
5766,broken
11881,silkcut
1830,broken
15810,silkcut
11366,discolored
8322,silkcut
9229,silkcut
12561,pure
5988,silkcut
12845,discolored
4537,silkcut
5718,broken
5246,pure
5027,broken
2499,silkcut
885,pure
10829,broken
6765,discolored
12492,silkcut
3120,pure
14657,silkcut
10264,pure
7553,broken
16137,silkcut
4961,silkcut
13455,silkcut
9454,pure
7899,pure
1049,discolored
1738,discolored
11393,discolored
10529,broken
6474,silkcut
6427,broken
13594,discolored
3602,discolored
7751,broken
1364,silkcut
8394,discolored
8605,discolored
8715,pure
8151,broken
6793,discolored
9639,silkcut
12583,silkcut
16903,pure
5448,silkcut
6999,silkcut
5660,pure
13849,discolored
14848,silkcut
2372,discolored
11395,broken
8284,discolored
12153,pure
9909,broken
17798,broken
11929,discolored
12626,silkcut
13236,pure
17413,silkcut
14628,broken
44,silkcut
12809,pure
717,broken
2925,broken
7196,discolored
4479,silkcut
219,pure
17681,pure
14671,silkcut
4637,silkcut
4743,discolored
4515,discolored
9911,pure
6957,broken
11959,broken
16853,pure
9690,broken
973,silkcut
7446,pure
6510,discolored
11704,pure
8553,silkcut
6806,discolored
15611,silkcut
6901,discolored
13468,silkcut
5107,discolored
9497,broken
5510,broken
9932,silkcut
7442,silkcut
15594,discolored
1425,discolored
5341,discolored
14186,pure
12494,silkcut
15571,silkcut
7754,discolored
13535,discolored
5687,broken
3603,pure
6634,broken
10258,pure
15461,pure
14987,silkcut
10113,discolored
11990,broken
12616,discolored
15769,broken
17684,discolored
17570,discolored
1865,broken
11567,broken
11961,broken
14902,discolored
910,silkcut
12757,broken
10500,broken
16968,broken
4626,silkcut
3409,discolored
3008,discolored
9103,silkcut
9563,broken
15397,broken
12098,silkcut
16600,discolored
4525,broken
7098,discolored
2979,broken
10702,discolored
5314,discolored
11318,discolored
10283,pure
17562,pure
13222,pure
11710,broken
12651,discolored
9404,silkcut
8539,silkcut
14117,pure
9167,discolored
11326,silkcut
2404,silkcut
2675,broken
3221,discolored
9883,silkcut
10893,pure
2742,silkcut
12582,broken
10169,silkcut
17729,pure
15503,pure
16424,broken
17385,pure
16669,silkcut
9014,silkcut
7307,pure
4654,pure
624,pure
7814,discolored
14939,pure
17095,pure
927,silkcut
11570,broken
14072,broken
4212,silkcut
4394,silkcut
16952,silkcut
10274,discolored
448,discolored
5964,pure
17599,discolored
8103,silkcut
4757,pure
11698,pure
8993,discolored
4838,pure
17287,broken
2428,broken
5009,silkcut
17501,discolored
2717,silkcut
9401,broken
15694,silkcut
14748,broken
6481,silkcut
11669,silkcut
9403,pure
17435,pure
11800,pure
223,broken
1759,discolored
7130,silkcut
3566,broken
7428,broken
13384,broken
482,silkcut
17350,silkcut
1742,broken
15357,pure
12226,discolored
16565,discolored
16608,discolored
15416,broken
15741,silkcut
12175,silkcut
6658,silkcut
11275,discolored
2624,pure
10725,discolored
13460,broken
1757,broken
7933,broken
6936,pure
5573,pure
7692,silkcut
12591,silkcut
15882,discolored
5198,pure
17561,pure
10230,broken
11614,pure
14532,pure
10011,silkcut
4697,pure
5149,silkcut
15368,silkcut
13456,pure
14318,pure
7287,pure
12748,broken
10408,silkcut
15483,silkcut
7581,discolored
4906,discolored
15949,pure
726,discolored
11693,silkcut
9340,discolored
14073,silkcut
16441,silkcut
17319,broken
934,broken
8090,silkcut
7720,broken
7313,discolored
45,silkcut
2648,silkcut
3790,silkcut
6149,discolored
4052,broken
16313,broken
15962,broken
941,discolored
14778,discolored
1274,discolored
5685,discolored
8455,broken
13041,silkcut
11484,broken
2954,discolored
4113,silkcut
8614,silkcut
8460,silkcut
14576,broken
13884,discolored
9607,pure
3785,discolored
3303,silkcut
3476,discolored
14047,broken
17622,broken
9508,silkcut
16094,pure
5656,broken
11101,discolored
14103,silkcut
4451,pure
4299,pure
1604,silkcut
13070,pure
14396,pure
4691,broken
6087,broken
7477,silkcut
16224,silkcut
5870,discolored
15316,broken
3733,broken
2890,discolored
12299,silkcut
6212,discolored
4634,silkcut
12872,discolored
10902,pure
11463,silkcut
15893,broken
9421,discolored
9588,broken
13503,pure
9315,pure
195,broken
12639,silkcut
10355,broken
834,discolored
10209,broken
541,silkcut
7451,broken
8052,silkcut
301,broken
5551,silkcut
6068,discolored
10152,broken
10272,silkcut
4926,broken
7659,discolored
9512,discolored
15155,discolored
159,broken
1725,broken
5785,broken
7872,discolored
1143,silkcut
4285,silkcut
11737,silkcut
3789,pure
11913,broken
12779,silkcut
2415,broken
8033,discolored
17366,silkcut
11727,pure
2389,broken
12476,discolored
14316,broken
13652,pure
1043,pure
10550,discolored
630,silkcut
9635,silkcut
10985,pure
1386,pure
2002,pure
9692,pure
93,silkcut
6805,broken
6007,pure
1092,broken
3249,discolored
2654,silkcut
17376,pure
13597,discolored
15365,pure
10687,broken
15664,broken
3270,broken
7021,silkcut
16264,pure
13855,pure
8288,silkcut
9253,pure
6004,silkcut
12086,discolored
6459,silkcut
12511,silkcut
8205,discolored
3934,pure
6527,discolored
6715,pure
10360,broken
13238,silkcut
4617,silkcut
16417,silkcut
2444,discolored
5820,broken
15157,silkcut
554,silkcut
3607,pure
4516,pure
3372,pure
10540,pure
200,silkcut
4396,silkcut
3398,discolored
11500,silkcut
7157,discolored
10324,broken
9748,broken
16710,discolored
414,broken
15147,broken
7631,broken
12890,pure
421,silkcut
14618,pure
12878,broken
4619,broken
12770,pure
15552,silkcut
7515,silkcut
6705,discolored
13602,pure
8135,broken
16434,discolored
15054,discolored
14544,silkcut
3777,pure
11520,silkcut
15881,discolored
1794,silkcut
15591,discolored
484,broken
4874,discolored
16591,discolored
7189,silkcut
9560,discolored
231,pure
3350,broken
16104,pure
10120,broken
4228,discolored
9877,pure
30,silkcut
6312,silkcut
1593,silkcut
10141,silkcut
16701,silkcut
15961,broken
4453,broken
7275,pure
11621,broken
13735,discolored
6019,silkcut
17464,pure
7774,pure
4450,discolored
13733,discolored
3393,broken
8060,pure
17118,silkcut
8001,broken
5821,broken
5709,discolored
3775,discolored
6835,silkcut
3945,broken
1908,broken
8685,pure
153,broken
387,silkcut
1712,discolored
10599,silkcut
4388,pure
17030,discolored
3254,pure
891,pure
11379,pure
15780,pure
13156,broken
15235,pure
11882,broken
9037,pure
17064,discolored
3762,discolored
1851,pure
8656,pure
17457,silkcut
14277,silkcut
12879,broken
9976,discolored
10751,pure
3972,broken
10391,discolored
7664,pure
4309,discolored
11527,discolored
14663,pure
14717,broken
4230,broken
14264,silkcut
8193,pure
10666,discolored
11313,discolored
12161,broken
3943,discolored
12418,silkcut
6059,discolored
9455,discolored
8461,broken
10157,broken
4142,broken
2169,discolored
17544,pure
5688,pure
15722,broken
11103,discolored
14867,silkcut
9470,discolored
3808,silkcut
10932,silkcut
5306,broken
2014,silkcut
9928,pure
10028,silkcut
7165,pure
9349,broken
16638,pure
13548,silkcut
8789,discolored
736,silkcut
1412,silkcut
10407,discolored
6976,discolored
15686,silkcut
1139,pure
17077,broken
9894,pure
407,pure
6752,discolored
10004,silkcut
6199,pure
12959,discolored
1791,pure
6020,discolored
13543,discolored
10487,discolored
1812,broken
9757,broken
9115,pure
5619,discolored
2597,discolored
3542,pure
13716,pure
14036,discolored
11910,pure
4437,discolored
11342,silkcut
14974,discolored
15858,silkcut
4963,broken
16052,silkcut
7504,broken
764,silkcut
3558,silkcut
2577,pure
7960,silkcut
9929,silkcut
41,broken
14095,silkcut
9958,pure
7190,pure
5309,discolored
12512,broken
14039,pure
4824,broken
3461,discolored
13539,pure
2529,discolored
6172,silkcut
11306,pure
11183,pure
5220,discolored
5120,pure
7327,discolored
10432,silkcut
1673,broken
12479,silkcut
15530,pure
16741,silkcut
7374,silkcut
12358,broken
2974,broken
8215,discolored
13761,discolored
15514,pure
4344,silkcut
2946,broken
8746,pure
118,silkcut
11041,pure
17179,pure
10842,broken
5895,broken
3951,broken
12424,pure
11613,discolored
12219,pure
10450,pure
14145,broken
10897,silkcut
12568,discolored
2867,broken
16234,discolored
2622,broken
1896,discolored
813,pure
11404,discolored
12017,pure
6027,discolored
6188,broken
4128,pure
17528,pure
5336,broken
14572,broken
14473,discolored
233,broken
12502,silkcut
9868,pure
2784,silkcut
11749,broken
5515,discolored
8718,pure
7740,discolored
11027,broken
9280,silkcut
2806,broken
12938,broken
16281,silkcut
10016,discolored
1150,pure
13386,pure
2699,silkcut
8689,discolored
14624,silkcut
1314,broken
7099,silkcut
3905,discolored
1451,pure
4074,silkcut
2127,discolored
6699,broken
11890,silkcut
13631,discolored
13650,discolored
9834,discolored
11418,discolored
3320,pure
8082,broken
14690,discolored
14861,silkcut
3651,discolored
3941,silkcut
4671,discolored
4574,broken
2821,broken
15072,discolored
13906,broken
8481,pure
15943,silkcut
10984,broken
336,silkcut
3289,pure
13490,discolored
14826,broken
15022,silkcut
8068,broken
3272,pure
685,pure
14811,broken
9697,pure
11180,pure
12581,broken
11302,silkcut
1072,silkcut
12790,discolored
165,silkcut
9272,discolored
15024,silkcut
13837,broken
9678,discolored
1645,silkcut
5576,broken
12931,silkcut
13957,discolored
13287,silkcut
13873,silkcut
5245,silkcut
15118,discolored
3923,broken
12186,silkcut
5786,discolored
15344,broken
14732,discolored
8769,broken
14731,discolored
1941,pure
2377,broken
7888,pure
16317,silkcut
10961,silkcut
10350,broken
3695,silkcut
1089,broken
10217,pure
10253,pure
3535,discolored
7268,discolored
11677,pure
11776,silkcut
13035,pure
14437,silkcut
9484,discolored
16489,discolored
8413,broken
1616,silkcut
17442,pure
7188,discolored
6676,broken
7898,broken
16880,discolored
15090,pure
2431,broken
4058,silkcut
12208,discolored
7637,silkcut
14641,silkcut
15349,pure
5783,pure
15539,pure
15976,pure
1306,broken
11153,discolored
4984,broken
5699,discolored
5930,discolored
5724,silkcut
15234,discolored
13088,discolored
9372,discolored
1808,pure
13440,broken
14064,discolored
6665,pure
858,discolored
6069,silkcut
675,silkcut
9294,discolored
2828,broken
16246,broken
10711,broken
17517,pure
13272,discolored
1964,pure
1790,broken
6938,silkcut
1063,discolored
11577,pure
2345,broken
12780,silkcut
15608,pure
1357,discolored
11536,silkcut
15050,pure
3600,discolored
8791,broken
653,silkcut
2587,silkcut
12049,discolored
17235,pure
11220,pure
12478,pure
5796,silkcut
13271,silkcut
16247,discolored
7111,discolored
11363,broken
5717,broken
4038,pure
16380,discolored
4930,broken
511,silkcut
16054,silkcut
17455,pure
8570,silkcut
2480,broken
10818,pure
13059,discolored
16762,silkcut
7672,broken
2557,silkcut
14505,discolored
6310,silkcut
17478,silkcut
15010,discolored
10763,silkcut
4473,broken
3448,silkcut
10294,broken
11784,discolored
10340,broken
7763,discolored
9679,silkcut
14843,pure
7239,silkcut
2831,broken
6401,silkcut
5867,pure
15721,discolored
5046,silkcut
16229,discolored
15803,broken
16357,discolored
15947,broken
17293,discolored
8743,discolored
16190,broken
13574,broken
15210,broken
16144,silkcut
16087,broken
12113,broken
15311,silkcut
11108,silkcut
5138,pure
1137,discolored
548,pure
17243,silkcut
12474,pure
15800,pure
9289,discolored
337,discolored
13861,silkcut
5394,silkcut
9743,silkcut
537,pure
14726,silkcut
11962,pure
13038,pure
819,broken
17458,pure
12012,silkcut
6953,discolored
5105,silkcut
13558,broken
12994,broken
15291,pure
1526,pure
8762,pure
12316,pure
10981,broken
15585,pure
10378,broken
7951,broken
6381,silkcut
12544,broken
12795,broken
14221,silkcut
963,silkcut
15271,pure
2982,broken
13740,broken
4509,pure
16602,pure
7949,pure
10488,silkcut
16739,pure
9462,broken
8229,silkcut
14958,silkcut
16896,pure
3034,silkcut
2360,discolored
11688,silkcut
14266,silkcut
16163,broken
6819,silkcut
12681,discolored
13349,pure
3399,pure
17143,silkcut
5371,discolored
7173,pure
7748,silkcut
3125,silkcut
6112,discolored
7424,silkcut
15820,silkcut
16358,discolored
11481,pure
10212,broken
8615,silkcut
7304,broken
13844,pure
10072,silkcut
4820,discolored
9854,silkcut
5575,broken
12560,broken
2540,discolored
13929,pure
574,pure
2311,silkcut
14179,broken
7350,silkcut
2011,silkcut
5524,silkcut
14426,silkcut
14771,broken
7666,broken
8310,silkcut
5127,broken
17218,discolored
16679,silkcut
10827,broken
4088,discolored
8080,discolored
9333,pure
9665,discolored
10373,broken
2009,discolored
16282,broken
7375,discolored
4774,discolored
9514,broken
9095,discolored
8396,broken
15678,pure
6688,silkcut
11324,pure
9584,pure
6794,broken
974,discolored
15039,broken
15648,silkcut
7594,discolored
16110,silkcut
16873,discolored
4878,broken
11233,discolored
14684,silkcut
14361,silkcut
16301,broken
8436,pure
13717,broken
5192,silkcut
4712,silkcut
7366,pure
17397,discolored
1620,broken
6549,silkcut
10538,silkcut
3764,broken
5655,silkcut
6388,silkcut
12600,discolored
13648,pure
14457,discolored
6022,broken
11654,silkcut
10331,silkcut
3416,silkcut
14176,silkcut
2172,discolored
6224,discolored
7185,pure
13110,silkcut
14617,silkcut
9521,pure
16845,pure
8950,pure
15877,pure
17448,pure
2640,discolored
16396,silkcut
14422,silkcut
14474,broken
5874,broken
11212,pure
12136,silkcut
6772,broken
13150,silkcut
6848,broken
10142,broken
13980,discolored
3971,broken
1461,pure
2566,discolored
11504,discolored
5140,pure
6025,pure
